date,sport,distance_km,duration_s,elevation_m,avg_hr
2026-09-28,Course à pied,8.16,2523,40,147.0
2026-09-26,Course à pied,27.0,8714,183,155.0
2026-09-25,Course à pied,10.37,3480,44,141.0
2026-09-23,Natation,28.0,37,0,108.0
2026-09-23,Course à pied,17.0,5584,163,151.0
2026-09-23,Natation,42.0,326,0,97.0
2026-09-21,Course à pied,8.65,2705,35,146.0
2026-09-19,Course à pied,8.5,2787,133,142.0
2026-09-18,Course à pied,21.6,6601,164,156.0
2026-09-16,Course à pied,10.23,3000,45,157.0
2026-09-16,Natation,28.0,419,0,115.0
2026-09-14,Course à pied,8.31,2710,54,143.0
2026-09-13,Course à pied,21.13,7816,184,134.0
2026-09-12,Natation,112.0,275,0,86.0
2026-09-11,Course à pied,11.33,3361,38,158.0
2026-09-09,Course à pied,11.13,3310,42,153.0
2026-09-07,Course à pied,7.01,2221,47,140.0
2026-09-07,Natation,84.0,274,0,107.0
2026-09-06,Natation,70.0,205,0,101.0
2026-09-05,Course à pied,18.35,6000,186,152.0
2026-09-04,Natation,84.0,319,0,136.0
2026-09-04,Course à pied,8.39,2761,36,142.0
2026-09-03,Natation,112.0,268,0,104.0
2026-09-02,Natation,56.0,204,0,103.0
2026-09-02,Course à pied,8.32,2580,40,156.0
2026-08-31,Course à pied,8.6,3010,45,140.0
2026-08-31,Natation,84.0,354,0,101.0
2026-08-29,Course à pied,31.26,10200,120,154.0
2026-08-28,Natation,168.0,385,0,106.0
2026-08-27,Course à pied,11.13,3721,75,150.0
2026-08-24,Natation,112.0,201,0,109.0
2026-08-24,Course à pied,15.65,5234,154,160.0
2026-08-21,Autres,1.96,2285,0,125.0
2026-08-21,Course à pied,7.67,2437,35,152.0
2026-08-19,Natation,280.0,456,0,114.0
2026-08-18,Autres,3.6,5286,0,108.0
2026-08-18,Natation,322.0,509,0,116.0
2026-08-17,Autres,4.14,5867,0,105.0
2026-08-17,Course à pied,12.54,4357,59,147.0
2026-08-17,Natation,182.0,381,0,113.0
2026-08-16,Autres,3.57,4961,0,113.0
2026-08-16,Autres,2.33,2804,0,120.0
2026-08-16,Natation,280.0,501,0,110.0
2026-08-15,Autres,1.84,2164,0,116.0
2026-08-14,Natation,140.0,425,0,115.0
2026-08-14,Course à pied,12.0,3881,57,146.0
2026-08-11,Course à pied,4.85,1503,22,152.0
2026-08-10,Course à pied,18.0,5824,112,156.0
2026-08-08,Autres,0.79,1093,0,95.0
2026-08-07,Natation,112.0,424,0,110.0
2026-08-07,Course à pied,14.0,4806,62,145.0
2026-08-05,Natation,56.0,254,0,104.0
2026-08-05,Course à pied,14.15,4800,62,140.0
2026-08-03,Course à pied,5.02,1920,34,133.0
2026-08-01,Natation,103.0,183,0,135.0
2026-08-01,Course à pied,12.0,4639,135,143.0
2026-07-31,Course à pied,25.01,8110,305,157.0
2026-07-31,Natation,42.0,304,0,109.0
2026-07-30,Natation,56.0,406,0,122.0
2026-07-30,Course à pied,6.38,2040,37,143.0
2026-07-28,Course à pied,10.0,3189,33,153.0
2026-07-27,Natation,112.0,454,0,112.0
2026-07-26,Course à pied,11.55,3780,64,149.0
2026-07-25,Natation,112.0,268,0,108.0
2026-07-25,Course à pied,17.01,5609,125,147.0
2026-07-22,Natation,126.0,248,0,115.0
2026-07-22,Course à pied,15.72,5584,139,149.0
2026-07-19,Natation,126.0,350,0,119.0
2026-07-19,Course à pied,21.11,5773,41,166.0
2026-07-17,Natation,126.0,240,0,115.0
2026-07-17,Course à pied,7.16,2220,37,147.0
2026-07-16,Natation,168.0,652,0,123.0
2026-07-15,Natation,98.0,335,0,127.0
2026-07-15,Course à pied,8.16,2520,39,148.0
2026-07-13,Natation,126.0,475,0,103.0
2026-07-13,Course à pied,15.01,4980,110,145.0
2026-07-08,Course à pied,12.02,3639,55,160.0
2026-07-08,Natation,126.0,456,0,106.0
2026-07-06,Course à pied,10.01,2910,67,161.0
2026-07-04,Course à pied,19.01,6077,126,149.0
2026-07-03,Natation,224.0,450,0,108.0
2026-07-03,Course à pied,8.0,2691,43,148.0
2026-07-01,Natation,168.0,376,0,98.0
2026-07-01,Course à pied,8.0,2047,18,169.0
2026-06-28,Natation,112.0,275,0,108.0
2026-06-28,Course à pied,14.11,4800,107,148.0
2026-06-26,Natation,98.0,188,0,110.0
2026-06-26,Course à pied,9.12,2843,41,150.0
2026-06-24,Natation,154.0,606,0,127.0
2026-06-20,Course à pied,21.21,6782,205,164.0
2026-06-18,Natation,252.0,505,0,103.0
2026-06-18,Autres,0.4,3980,0,130.0
2026-06-16,Natation,112.0,372,0,118.0
2026-06-16,Course à pied,7.6,2400,48,145.0
2026-06-14,Natation,66.0,108,0,147.0
2026-06-14,Course à pied,10.2,3227,64,156.0
2026-06-12,Natation,182.0,541,0,93.0
2026-06-10,Course à pied,11.89,3877,153,148.0
2026-06-10,Natation,154.0,575,0,121.0
2026-06-08,Natation,112.0,524,0,123.0
2026-06-06,Course à pied,67.39,26685,605,147.0
2026-06-06,Autres,0.0,301,0,82.0
2026-06-05,Natation,210.0,613,0,103.0
2026-06-04,Natation,168.0,488,0,113.0
2026-06-03,Natation,126.0,426,0,121.0
2026-06-03,Course à pied,6.7,2388,11,137.0
2026-06-01,Natation,98.0,565,0,142.0
2026-06-01,Course à pied,7.63,2700,54,143.0
2026-06-01,Natation,140.0,579,0,129.0
2026-05-30,Course à pied,10.0,3188,53,155.0
2026-05-27,Course à pied,8.02,2700,85,159.0
2026-05-27,Natation,112.0,485,0,107.0
2026-05-23,Course à pied,22.01,7669,418,159.0
2026-05-22,Natation,210.0,568,0,126.0
2026-05-21,Course à pied,6.37,2040,56,150.0
2026-05-21,Natation,224.0,620,0,125.0
2026-05-20,Autres,2.06,3494,38,157.0
2026-05-20,Natation,154.0,589,0,131.0
2026-05-18,Natation,56.0,154,0,101.0
2026-05-18,Course à pied,8.43,2644,34,154.0
2026-05-17,Course à pied,10.01,3081,93,
2026-05-15,Natation,154.0,372,0,113.0
2026-05-15,Course à pied,24.03,7801,181,167.0
2026-05-07,Natation,84.0,303,0,125.0
2026-05-07,Course à pied,10.01,2796,23,166.0
2026-05-01,Marche / randonnée,3.7,3681,27,91.0
2026-04-30,Course à pied,12.02,3588,100,166.0
2026-04-30,Natation,252.0,733,0,100.0
2026-04-20,Marche / randonnée,4.97,5570,38,81.0
2026-04-18,Natation,196.0,599,0,121.0
2026-04-17,Autres,0.47,6175,0,120.0
2026-04-17,Natation,168.0,644,0,103.0
2026-04-16,Natation,168.0,650,0,110.0
2026-04-16,Course à pied,10.02,3234,41,149.0
2026-04-16,Natation,98.0,618,0,139.0
2026-04-15,Autres,2.84,3270,14,142.0
2026-04-13,Natation,140.0,547,0,113.0
2026-04-11,Course à pied,14.01,3882,50,167.0
2026-04-11,Natation,140.0,611,0,133.0
2026-04-10,Natation,224.0,511,0,137.0
2026-04-09,Natation,154.0,494,0,157.0
2026-04-09,Course à pied,7.0,2067,39,161.0
2026-04-08,Autres,2.13,3197,4,151.0
2026-04-07,Autres,0.0,5400,0,
2026-04-04,Course à pied,21.27,6197,161,167.0
2026-04-01,Course à pied,10.0,3304,83,154.0
2026-04-01,Autres,0.0,4200,0,
2026-03-28,Course à pied,40.18,17277,1451,162.0
2026-03-25,Course à pied,6.27,2286,50,133.0
2026-03-24,Course à pied,6.18,2287,40,128.0
2026-03-22,Course à pied,12.32,3444,26,170.0
2026-03-22,Course à pied,2.01,713,8,143.0
2026-03-21,Course à pied,5.2,1807,29,144.0
2026-03-20,Course à pied,9.0,3088,41,150.0
2026-03-16,Course à pied,9.14,3001,44,146.0
2026-03-15,Course à pied,5.08,1926,38,136.0
2026-03-14,Course à pied,21.36,7041,181,152.0
2026-03-13,Course à pied,12.21,4208,107,148.0
2026-03-11,Course à pied,7.62,2626,60,147.0
2026-03-09,Course à pied,7.5,2538,53,143.0
2026-03-08,Course à pied,10.0,3126,36,155.0
2026-03-07,Course à pied,4.26,1805,32,134.0
2026-03-06,Course à pied,10.0,3139,37,158.0
2026-03-04,Course à pied,8.28,2641,38,156.0
2026-03-02,Course à pied,5.22,1866,26,142.0
2026-02-28,Course à pied,22.04,7530,181,161.0
2026-02-27,Autres,0.31,5184,0,113.0
2026-02-25,Course à pied,14.06,4801,123,160.0
2026-02-23,Course à pied,7.16,2529,43,152.0
2026-02-22,Course à pied,6.01,2082,8,146.0
2026-02-20,Course à pied,19.31,6401,96,158.0
2026-02-19,Course à pied,5.86,2105,45,145.0
2026-02-16,Autres,0.29,5912,0,118.0
2026-02-16,Course à pied,6.04,2043,15,148.0
2026-02-14,Course à pied,21.26,7202,212,159.0
2026-02-13,Course à pied,9.04,3206,22,148.0
2026-02-11,Course à pied,3.51,1218,5,143.0
2026-02-09,Course à pied,6.01,2034,41,150.0
2026-02-07,Course à pied,16.08,5222,74,158.0
2026-02-06,Course à pied,7.73,2574,69,154.0
2026-02-05,Autres,0.52,7189,0,116.0
2026-02-04,Course à pied,6.05,2163,68,148.0
2026-01-31,Course à pied,7.02,2409,35,148.0
2026-01-30,Course à pied,9.04,2404,12,176.0
2026-01-28,Autres,3.57,4245,33,132.0
2026-01-26,Course à pied,7.62,2705,32,156.0
2026-01-25,Course à pied,8.75,3130,41,154.0
2026-01-24,Autres,0.0,7200,0,
2026-01-23,Autres,0.16,5017,0,89.0
2026-01-22,Course à pied,4.01,1592,46,155.0
2026-01-22,Course à pied,8.25,2823,36,156.0
2026-01-19,Course à pied,7.52,2493,121,151.0
2026-01-17,Course à pied,19.06,6369,88,158.0
2026-01-14,Autres,1.9,3323,6,138.0
2026-01-12,Course à pied,8.59,2727,62,162.0
2026-01-10,Course à pied,15.01,4664,20,170.0
2026-01-10,Course à pied,1.61,495,1,152.0
2026-01-06,Course à pied,8.5,2498,36,
2026-01-04,Course à pied,13.01,4207,22,
2025-12-30,Course à pied,10.01,2850,9,
2025-12-24,Course à pied,10.51,3031,10,
2025-11-01,Course à pied,10.13,3755,247,
2025-10-12,Course à pied,10.01,3085,32,
2025-08-07,Course à pied,18.38,6602,323,
2025-08-05,Course à pied,5.98,2102,139,
2025-08-01,Vélo,11.35,3068,44,
2025-07-29,Vélo,9.95,3620,7,
2025-07-10,Course à pied,8.8,2399,4,
2025-06-18,Autres,0.0,3600,0,
2025-06-07,Course à pied,12.33,4596,76,
2025-05-20,Course à pied,5.89,1928,24,
2025-05-18,Autres,3.49,2987,3,
2025-05-17,Marche / randonnée,7.91,7232,201,
2025-05-06,Vélo,26.72,3676,58,
2025-04-29,Vélo,24.81,3648,51,
2025-04-28,Vélo,23.23,3547,52,
2025-03-29,Course à pied,27.3,11037,759,
2025-03-27,Course à pied,5.55,1823,20,
2025-03-25,Vélo,10.01,2384,5,
2025-03-16,Course à pied,4.53,1572,3,
2025-03-11,Course à pied,9.03,2544,5,
2025-03-07,Course à pied,10.0,3210,38,
2025-03-06,Course à pied,9.0,2411,5,
2025-03-04,Course à pied,9.03,2512,5,
2025-02-27,Course à pied,7.04,2335,67,
2025-02-25,Course à pied,5.1,1502,25,
2025-02-01,Course à pied,16.51,4947,62,
2025-01-26,Course à pied,12.01,3647,104,
2024-10-27,Course à pied,1.98,635,4,
2024-09-21,Course à pied,9.76,2953,37,
2024-08-31,Course à pied,6.6,2366,30,
2024-08-20,Course à pied,5.86,2228,147,
2024-08-12,Course à pied,4.73,1610,55,
2024-06-22,Course à pied,10.06,3257,38,
2024-06-20,Vélo,11.3,2250,78,
2024-06-20,Vélo,14.91,2289,52,
2023-09-28,Course à pied,5.23,1794,49,
2023-09-06,Course à pied,7.0,2127,155,
2023-07-21,Course à pied,8.72,2934,5,
2023-07-07,Course à pied,4.69,1636,70,
2023-07-06,Course à pied,8.52,2621,171,
2023-06-03,Course à pied,7.1,2398,54,
2023-06-02,Course à pied,8.12,3067,174,
2023-05-31,Course à pied,8.3,3415,176,
2023-04-12,Autres,0.0,5415,0,94.0
2023-04-12,Marche / randonnée,2.38,2664,0,
2023-04-11,Vélo,10.92,1904,104,
2023-04-11,Vélo,11.2,1751,62,
2023-04-08,Course à pied,9.45,3237,7,
2023-04-07,Marche / randonnée,3.11,1936,17,
2023-04-03,Course à pied,8.79,3015,69,
2023-03-30,Course à pied,6.13,1637,3,
2023-03-29,Autres,0.2,61,2,
2023-03-13,Course à pied,8.7,2498,5,
2022-11-19,Course à pied,10.36,3493,34,
2022-11-16,Marche / randonnée,0.86,483,22,
2022-11-16,Course à pied,10.02,2887,9,
2022-10-01,Course à pied,9.05,2863,15,
2022-09-14,Course à pied,9.01,2616,4,
2022-07-08,Course à pied,9.01,2658,4,
2022-06-26,Course à pied,5.86,1637,3,
2022-05-30,Vélo,18.06,2758,38,
2022-05-22,Course à pied,0.24,136,0,
2022-05-15,Course à pied,7.32,2384,21,
2022-05-10,Course à pied,9.0,2443,4,
2022-05-07,Vélo,10.36,2383,88,
2022-05-02,Course à pied,10.01,2811,8,
2022-04-09,Course à pied,6.06,1710,26,
2022-03-31,Marche / randonnée,2.4,1234,14,
2022-03-29,Vélo,12.37,2005,16,
2022-03-29,Vélo,11.09,1692,59,
2022-03-29,Course à pied,2.34,710,20,
2022-03-29,Course à pied,5.01,1250,4,
2022-03-29,Course à pied,1.55,421,0,
2022-03-27,Natation,0.0,1440,0,
2022-03-26,Vélo,7.0,1440,0,
2022-03-26,Vélo,4.78,751,43,
2022-03-26,Marche / randonnée,1.75,1701,23,
2022-03-26,Vélo,4.31,864,36,
2022-03-26,Vélo,8.27,1408,43,
2022-03-26,Vélo,5.43,843,14,
2022-03-26,Vélo,12.2,1892,39,
2022-03-24,Vélo,3.58,642,33,
2022-03-24,Vélo,15.12,2056,12,
2022-03-22,Course à pied,9.0,2567,4,
2022-03-12,Course à pied,12.57,3608,11,
2022-03-09,Course à pied,9.0,2640,11,
2022-02-23,Course à pied,6.18,1719,31,
2022-02-16,Course à pied,10.0,2784,27,
2022-02-11,Course à pied,10.03,2956,32,
2022-02-08,Course à pied,10.01,2974,35,
2022-01-07,Course à pied,10.25,2939,34,
2022-01-02,Course à pied,9.38,3323,4,
2021-11-26,Marche / randonnée,25.42,3997,86,
2021-11-24,Course à pied,9.01,2410,4,
2021-11-19,Course à pied,9.02,2442,5,
2021-11-09,Course à pied,9.01,2489,4,
2021-11-05,Course à pied,9.34,2753,10,
2021-11-03,Course à pied,10.01,2779,14,
2021-09-08,Course à pied,9.0,2503,7,
2021-09-03,Course à pied,10.0,2784,34,
2021-09-01,Course à pied,10.0,2947,34,
2021-08-18,Course à pied,2.11,693,46,
2021-08-16,Course à pied,3.92,1393,61,
2021-08-15,Course à pied,4.32,1678,131,
2021-08-06,Course à pied,8.53,2249,4,
2021-08-06,Course à pied,1.2,315,0,
2021-08-05,Vélo,4.06,744,30,
2021-08-04,Vélo,4.49,602,30,
2021-08-03,Course à pied,9.01,2477,4,
2021-07-27,Course à pied,14.01,3770,7,
2021-07-15,Course à pied,10.01,2794,23,
2021-07-13,Vélo,11.21,1916,77,
2021-07-13,Vélo,10.93,1648,34,
2021-07-09,Course à pied,8.85,2728,4,
2021-07-07,Course à pied,6.38,1738,30,
2021-07-03,Course à pied,8.87,2800,22,
2021-06-30,Course à pied,8.88,2315,4,
2021-06-27,Vélo,14.44,2428,52,
2021-06-26,Vélo,37.07,6733,334,
2021-06-26,Vélo,25.63,4717,254,
2021-06-26,Vélo,14.38,2874,10,
2021-06-25,Vélo,69.15,12390,126,
2021-06-23,Course à pied,10.1,2834,33,
2021-06-19,Vélo,4.68,885,64,
2021-06-19,Vélo,7.91,1375,14,
2021-06-18,Vélo,10.63,1650,104,
2021-06-18,Vélo,10.6,1587,72,
2021-06-17,Course à pied,8.71,2270,4,
2021-06-11,Course à pied,9.18,2831,7,
2021-06-09,Vélo,20.9,2723,13,
2021-06-08,Course à pied,9.22,2633,4,
2021-06-05,Course à pied,9.05,2290,4,
2021-06-02,Vélo,27.31,3644,19,
2021-05-31,Course à pied,0.31,150,0,
2021-05-31,Course à pied,9.7,3010,36,
2021-05-28,Course à pied,9.2,2394,6,
2021-05-25,Course à pied,9.0,2535,6,
2021-05-22,Course à pied,10.56,2678,7,
2021-05-19,Course à pied,10.37,3028,15,
2021-05-17,Course à pied,9.31,2849,6,
2021-05-12,Course à pied,8.5,2280,8,
2021-05-09,Course à pied,7.94,2595,45,
2021-05-08,Course à pied,21.13,6008,13,
2021-05-04,Course à pied,12.81,3595,45,
2021-05-01,Course à pied,6.07,1555,4,
2021-04-30,Course à pied,10.01,2960,5,
2021-04-27,Course à pied,10.18,3130,5,
2021-04-25,Vélo,14.13,3498,53,
2021-04-25,Course à pied,8.31,2673,30,
2021-04-24,Vélo,14.32,3283,19,
2021-04-23,Course à pied,8.93,2826,5,
2021-04-22,Course à pied,9.01,2420,4,
2021-04-20,Vélo,7.95,1464,46,
2021-04-20,Vélo,7.85,1213,16,
2021-04-20,Course à pied,9.0,2417,4,
2021-04-17,Course à pied,10.22,2590,5,
2021-04-13,Course à pied,10.18,2751,7,
2021-04-09,Course à pied,9.84,3196,34,
2021-04-07,Course à pied,21.06,6035,12,
2021-04-02,Course à pied,10.14,2825,4,
2021-03-31,Course à pied,9.94,3106,12,
2021-03-29,Course à pied,5.43,1472,37,
